City_ID,City,Lat,Lng,Max Temp,Humidity,Cloudiness,Wind Speed,Country,Date
0,rikitea,-23.1203,-134.9692,292.77,78,100,4.6,PF,1693769122
1,havre,49.5833,0.3333,297.37,83,0,4.63,FR,1693769122
2,thompson,55.7435,-97.8558,294.24,46,100,6.69,CA,1693769018
3,rondonopolis,-16.4708,-54.6356,309.8,27,100,3.75,BR,1693769122
4,mataura,-46.1927,168.8643,280.64,98,47,1.34,NZ,1693769122
5,albany,42.6001,-73.9662,303.12,59,3,0.89,US,1693768844
6,mercedes,-34.6515,-59.4307,282.51,95,100,6.72,AR,1693769096
7,westport,41.1415,-73.3579,305.98,57,0,6.69,US,1693769123
8,limon,10.0,-83.0333,303.74,70,100,3.0,CR,1693768964
9,clyde river,70.4692,-68.5914,275.28,93,75,7.2,CA,1693769123
10,hasaki,35.7333,140.8333,299.43,92,100,3.69,JP,1693769123
11,puerto ayora,-0.7393,-90.3518,303.13,90,41,3.58,EC,1693768832
12,aklavik,68.2191,-135.0107,279.15,75,75,4.12,CA,1693769123
13,linxia,35.6003,103.2064,287.76,60,0,1.58,CN,1693769124
14,upernavik,72.7868,-56.1549,275.73,65,100,1.72,GL,1693769124
15,ushuaia,-54.8,-68.3,275.96,60,75,10.29,AR,1693769041
16,tasiilaq,65.6145,-37.6368,281.24,89,69,2.14,GL,1693769124
17,souillac,-20.5167,57.5167,296.36,78,75,6.69,MU,1693769001
18,esperance,-33.8667,121.9,282.09,72,28,8.59,AU,1693769124
19,mar del plata,-38.0023,-57.5575,283.16,85,0,4.12,AR,1693769054
20,kodiak,57.79,-152.4072,284.88,76,100,3.09,US,1693769125
21,hilo,19.7297,-155.09,302.75,63,40,2.57,US,1693769125
22,sorland,67.667,12.6934,285.07,77,100,9.13,NO,1693768935
23,dwarka,22.2394,68.9678,300.57,75,12,4.18,IN,1693769125
24,orthez,43.4884,-0.7724,299.23,65,100,0.92,FR,1693769125
25,busselton,-33.65,115.3333,286.73,85,100,9.61,AU,1693769126
26,lavrentiya,65.5833,-171.0,278.18,78,100,6.88,RU,1693769126
27,saint-philippe,-21.3585,55.7679,292.92,84,46,4.22,RE,1693769126
28,pontal do parana,-25.6533,-48.5128,296.73,81,100,2.06,BR,1693769126
29,punta arenas,-53.15,-70.9167,277.32,52,85,6.75,CL,1693769126
30,north myrtle beach,33.816,-78.68,304.42,60,0,5.14,US,1693768910
31,faanui,-16.4833,-151.75,298.12,82,100,7.2,PF,1693769127
32,cape town,-33.9258,18.4232,286.63,78,20,1.03,ZA,1693769127
33,jieshi,22.8134,115.8257,300.74,85,100,5.09,CN,1693769127
34,mahebourg,-20.4081,57.7,296.31,78,75,6.69,MU,1693769127
35,saskylakh,71.9167,114.0833,272.61,96,99,3.64,RU,1693769127
36,cayenne,4.9333,-52.3333,305.17,62,75,6.69,GF,1693769128
37,arraial do cabo,-22.9661,-42.0278,298.13,73,0,9.77,BR,1693769128
38,moroni,-11.7022,43.2551,297.7,79,1,0.85,KM,1693769099
39,jamestown,42.097,-79.2353,303.72,48,0,5.66,US,1693769065
40,haverfordwest,51.8017,-4.9691,292.92,87,0,2.24,GB,1693769128
41,lodja,-3.4833,23.4333,294.83,95,39,1.38,CD,1693769128
42,marshall,34.3834,-86.3333,306.1,53,0,2.57,US,1693769129
43,kangaatsiaq,68.3065,-53.4641,276.39,69,94,0.78,GL,1693769129
44,moron,-34.6534,-58.6198,284.24,96,100,3.99,AR,1693769129
45,kapaa,22.0752,-159.319,301.33,77,40,7.72,US,1693768944
46,torbay,47.6666,-52.7314,295.31,68,40,9.77,CA,1693769130
47,east london,-33.0153,27.9116,291.0,82,19,2.38,ZA,1693769130
48,sassari,40.7272,8.5603,298.03,55,2,1.87,IT,1693769131
49,surt,31.2089,16.5887,299.9,66,99,5.02,LY,1693769131
50,atuona,-9.8,-139.0333,299.29,78,7,9.24,PF,1693769131
51,castro,-24.7911,-50.0119,298.79,65,100,3.14,BR,1693769131
52,sisimiut,66.9395,-53.6735,277.51,60,92,2.48,GL,1693769131
53,tiksi,71.6872,128.8694,272.8,93,100,1.9,RU,1693769132
54,bluff,-46.6,168.3333,280.82,89,44,2.91,NZ,1693769132
55,honiara,-9.4333,159.95,298.02,85,82,2.55,SB,1693768895
56,igarka,67.4667,86.5833,277.06,74,21,6.04,RU,1693769132
57,hobart,-42.8794,147.3294,278.74,84,1,0.89,AU,1693769132
58,cabo san lucas,22.8909,-109.9124,309.76,66,0,2.06,MX,1693769133
59,padang,-0.9492,100.3543,299.18,89,100,3.22,ID,1693769133
60,hermanus,-34.4187,19.2345,286.93,81,5,5.84,ZA,1693769133
61,tuktoyaktuk,69.4541,-133.0374,275.15,87,100,1.54,CA,1693769133
62,quelimane,-17.8786,36.8883,297.12,88,20,5.14,MZ,1693769133
63,yerofey pavlovich,53.9667,121.9667,279.39,56,100,0.77,RU,1693769134
64,constitucion,-35.3333,-72.4167,285.23,88,100,1.61,CL,1693769134
65,port alfred,-33.5906,26.891,290.13,85,40,2.5,ZA,1693769134
66,turukhansk,65.8167,87.9833,283.69,81,99,3.59,RU,1693769134
67,lagoa,39.05,-27.9833,295.98,78,15,3.71,PT,1693769134
68,zhangye,38.9342,100.4517,294.68,31,22,3.66,CN,1693769135
69,barrow,71.2906,-156.7887,277.16,93,100,6.17,US,1693769135
70,vardo,70.3705,31.1107,286.14,82,0,1.03,NO,1693769135
71,nome,64.5011,-165.4064,282.68,93,75,5.66,US,1693769135
72,cherdyn,60.403,56.4787,285.92,61,100,1.22,RU,1693769135
73,bonavista,48.6499,-53.1147,291.94,67,6,7.58,CA,1693769135
74,rancho palos verdes,33.7445,-118.387,299.77,68,75,6.69,US,1693769093
75,ribas do rio pardo,-20.4431,-53.7592,311.11,22,66,6.96,BR,1693769136
76,am timan,11.0297,20.2827,297.71,89,100,1.75,TD,1693769136
77,douglas,41.3,-96.167,308.25,29,0,7.72,US,1693769136
78,svetlaya,46.5389,138.3297,289.34,90,93,5.97,RU,1693769136
79,beringovskiy,63.05,179.3167,280.44,63,95,2.85,RU,1693769136
80,oranjestad,12.524,-70.027,304.12,74,20,6.69,AW,1693769136
81,carnarvon,-24.8667,113.6333,291.02,59,100,7.35,AU,1693769137
82,kizhinga,51.8462,109.9097,278.69,94,8,0.88,RU,1693769137
83,bredasdorp,-34.5322,20.0403,282.15,85,5,3.28,ZA,1693769137
84,kalilangan,7.8211,124.7314,292.53,95,100,0.34,PH,1693769137
85,buenos aires,-34.6132,-58.3772,284.23,96,100,9.39,AR,1693768736
86,madang,-5.2246,145.7966,297.13,91,98,0.32,PG,1693769138
87,sovetskiy,61.3614,63.5842,284.76,69,72,1.34,RU,1693769138
88,victoria,22.2855,114.1577,302.77,83,96,4.13,HK,1693769103
89,chuy,-33.6971,-53.4616,287.92,98,100,2.37,UY,1693769138
90,kudahuvadhoo,2.6708,72.8944,300.85,68,100,3.91,MV,1693769138
91,mildura,-34.2,142.15,288.19,45,100,7.46,AU,1693769138
92,honningsvag,70.9821,25.9704,287.01,82,27,5.14,NO,1693769138
93,vokhtoga,58.8147,41.0461,287.18,85,94,0.73,RU,1693769140
94,samarai,-10.6167,150.6667,297.31,77,100,3.72,PG,1693769140
95,sivas,39.7916,37.0019,288.5,94,75,1.03,TR,1693769140
96,garoua,9.3,13.4,299.18,76,100,0.43,CM,1693769140
97,ilulissat,69.2167,-51.1,277.16,75,75,4.63,GL,1693769140
98,manikganj,23.8553,90.0125,302.14,84,100,2.56,BD,1693769140
99,luderitz,-26.6481,15.1594,286.24,70,0,7.08,NA,1693769141
100,severo-kurilsk,50.6789,156.125,284.91,96,58,5.19,RU,1693769141
101,sitka,57.0531,-135.33,286.09,88,100,1.54,US,1693769141
102,katsuura,35.1333,140.3,298.74,93,100,3.51,JP,1693769141
103,talnakh,69.4865,88.3972,276.6,83,100,4.94,RU,1693769141
104,bengkulu,-3.8004,102.2655,295.44,87,15,3.62,ID,1693769142
105,anadyr,64.75,177.4833,276.43,81,0,4.92,RU,1693769142
106,port keats,-14.25,129.55,295.25,83,6,1.62,AU,1693769142
107,weihe,32.9952,105.3247,289.81,93,5,0.98,CN,1693769142
108,sola,-13.8833,167.55,298.91,85,99,8.46,VU,1693769142
109,cidreira,-30.1811,-50.2056,291.84,95,100,0.8,BR,1693769143
110,los angeles,34.0522,-118.2437,299.82,59,75,6.17,US,1693769141
111,georgetown,5.4112,100.3354,302.12,81,20,2.57,MY,1693769013
112,porto velho,-8.7619,-63.9039,308.18,38,40,2.57,BR,1693768963
113,yellowknife,62.456,-114.3525,286.16,73,75,6.17,CA,1693769143
114,buala,-8.145,159.5921,299.57,84,39,2.91,SB,1693769143
115,taltal,-25.4,-70.4833,288.01,81,100,0.59,CL,1693769143
116,lebu,-37.6167,-73.65,283.2,64,100,6.23,CL,1693769144
117,malabo,3.75,8.7833,298.81,85,100,3.94,GQ,1693769144
118,antalaha,-14.9003,50.2788,294.23,81,73,3.04,MG,1693769144
119,chas,23.6333,86.1667,300.55,79,100,1.74,IN,1693769144
120,havelock,34.8791,-76.9013,304.12,57,0,2.06,US,1693769144
121,comodoro rivadavia,-45.8667,-67.5,280.07,61,40,3.6,AR,1693769144
122,didsbury,53.417,-2.2315,293.88,78,44,1.54,GB,1693769145
123,deputatskiy,69.3,139.9,272.28,92,100,1.63,RU,1693769145
124,bambous virieux,-20.3428,57.7575,296.29,78,75,6.69,MU,1693769145
125,fortuna,40.5982,-124.1573,295.33,73,40,6.17,US,1693769145
126,mehamn,71.0357,27.8492,289.1,82,20,5.66,NO,1693769145
127,teahupoo,-17.8333,-149.2667,295.13,87,100,8.94,PF,1693769145
128,dingle,10.9995,122.6711,298.42,91,100,3.91,PH,1693769146
129,kavaratti,10.5669,72.642,300.36,79,100,7.9,IN,1693769146
130,sao lourenco do sul,-31.3653,-51.9783,291.83,96,100,4.42,BR,1693769146
131,weligama,5.9667,80.4167,298.11,93,100,7.18,LK,1693768510
132,wajir,1.7471,40.0573,302.86,39,100,11.28,KE,1693769146
133,dikson,73.5069,80.5464,276.76,96,100,1.34,RU,1693769146
134,suifenhe,44.4,131.1667,287.05,95,0,1.01,CN,1693769147
135,atar,20.5169,-13.0499,311.81,18,5,5.48,MR,1693769147
136,garmsar,35.2182,52.3409,304.78,17,5,4.25,IR,1693769147
137,vaini,-21.2,-175.2,294.24,94,75,0.51,TO,1693769147
138,kaitangata,-46.2817,169.8464,279.26,95,24,2.7,NZ,1693769147
139,tiznit,29.5833,-9.5,291.51,67,13,4.31,MA,1693769147
140,kawalu,-7.3817,108.2082,291.54,91,52,0.16,ID,1693769148
141,qaanaaq,77.484,-69.3632,272.18,66,90,3.35,GL,1693769149
142,kieta,-6.2167,155.6333,298.47,85,44,2.64,PG,1693769149
143,nikolskoye,59.7035,30.7861,288.6,90,52,1.4,RU,1693769149
144,bay roberts,47.5999,-53.2648,295.74,67,66,4.02,CA,1693769149
145,kashi,39.4547,75.9797,298.71,27,20,5.0,CN,1693769149
146,ribeira grande,38.5167,-28.7,298.37,78,40,4.12,PT,1693769150
147,butaritari,3.0707,172.7902,301.37,77,100,5.34,KI,1693769150
148,caravelas,-17.7125,-39.2481,297.93,63,100,3.62,BR,1693769150
149,amuntai,-2.4177,115.2494,295.12,81,100,0.57,ID,1693769150
150,norman wells,65.282,-126.8329,279.17,65,75,8.23,CA,1693769150
151,ponta do sol,32.6667,-17.1,298.15,64,9,2.61,PT,1693769150
152,tomohon,1.3346,124.8392,290.67,89,80,1.95,ID,1693769151
153,costa rica,-23.4167,-54.65,308.83,30,65,6.62,BR,1693769031
154,areosa,41.7178,-8.8571,291.43,87,100,0.97,PT,1693769151
155,makakilo city,21.3469,-158.0858,300.38,70,20,4.63,US,1693769151
156,katy,29.7858,-95.8244,311.54,44,20,3.09,US,1693769072
157,namibe,-15.1961,12.1522,291.68,85,99,3.37,AO,1693769151
158,krasnoselkup,65.7,82.4667,279.1,64,100,7.9,RU,1693769152
159,kizner,56.2749,51.508,286.44,71,0,1.13,RU,1693769152
160,eldorado,-23.7869,-54.2836,307.76,34,100,4.68,BR,1693769152
161,pimentel,-6.8367,-79.9342,298.31,65,100,5.66,PE,1693769152
162,port elizabeth,-33.918,25.5701,288.31,88,0,2.06,ZA,1693769152
163,coihaique,-45.5752,-72.0662,281.12,42,40,2.57,CL,1693769152
164,lata,40.1629,-8.3327,294.77,64,83,1.62,PT,1693769152
165,olafsvik,64.8945,-23.7142,281.85,64,53,11.48,IS,1693769153
166,marfino,55.7028,37.3822,289.72,93,0,1.0,RU,1693769153
167,hithadhoo,-0.6,73.0833,301.14,68,100,1.58,MV,1693769153
168,oranjemund,-28.55,16.4333,285.41,83,3,3.45,NA,1693769153
169,asosa,10.0667,34.5333,289.75,94,100,1.73,ET,1693769153
170,marawi,7.9986,124.2928,294.17,94,100,2.43,PH,1693769153
171,saint george,37.1041,-113.5841,302.83,43,0,2.06,US,1693769154
172,hami,42.8,93.45,300.08,19,87,1.25,CN,1693769154
173,bariadi,-2.8,33.9833,299.45,41,95,2.28,TZ,1693769154
174,hassleholm,56.1591,13.7664,288.9,87,100,2.34,SE,1693769154
175,alyangula,-13.8483,136.4192,295.56,72,6,2.43,AU,1693769154
176,collie,-33.3667,116.15,284.86,77,100,6.17,AU,1693769155
177,nioro,13.35,-15.75,301.51,83,90,0.91,GM,1693769157
178,pangani,-5.4333,38.9667,296.6,82,1,4.17,TZ,1693769157
179,bambanglipuro,-7.95,110.2833,293.97,91,100,1.34,ID,1693769157
180,acari,-15.4311,-74.6158,297.03,57,0,6.2,PE,1693769157
181,tuatapere,-46.1333,167.6833,280.26,95,97,1.75,NZ,1693769157
182,sur,22.5667,59.5289,300.77,72,3,7.41,OM,1693769157
183,hovd,48.0056,91.6419,290.17,27,9,2.4,MN,1693769158
184,longyan,25.1072,117.0225,297.44,86,100,2.77,CN,1693769158
185,chimoio,-19.1164,33.4833,293.07,88,20,3.29,MZ,1693769158
186,yakeshi,49.2833,120.7333,280.73,88,97,1.72,CN,1693769158
187,verkhnevilyuysk,63.4453,120.3167,275.75,76,58,0.98,RU,1693769158
188,san patricio,28.017,-97.5169,309.19,41,56,4.39,US,1693769158
189,gorontalo,0.5412,123.0595,295.97,93,39,2.19,ID,1693769160
190,akyab,20.15,92.9,299.89,89,100,4.37,MM,1693769160
191,sao filipe,14.8961,-24.4956,299.99,83,50,1.46,CV,1693769160
192,hulan,45.9833,126.6,291.21,93,100,2.15,CN,1693769161
193,hornepayne,49.2138,-84.7705,304.26,39,81,4.58,CA,1693769161
194,hurghada,27.2574,33.8129,303.42,36,0,5.05,EG,1693769143
195,bogen,48.9112,12.6896,292.08,78,100,2.36,DE,1693769161
196,maneadero,31.7167,-116.5667,297.65,75,36,1.34,MX,1693769161
197,bekhtery,46.251,32.2927,294.09,44,0,2.26,UA,1693769161
198,khatanga,71.9667,102.5,274.72,97,100,5.17,RU,1693769162
199,shatsk,54.0258,41.7119,289.29,73,72,1.15,RU,1693769162
200,purranque,-40.9167,-73.1667,281.78,86,100,0.64,CL,1693769162
201,margate,51.3813,1.3862,293.09,86,52,0.89,GB,1693769162
202,codrington,-38.2667,141.9667,289.22,38,100,9.21,AU,1693769162
203,potosi,-19.5836,-65.7531,287.67,11,2,11.42,BO,1693769163
204,yulara,-25.2406,130.9889,286.93,55,0,5.64,AU,1693769163
205,new norfolk,-42.7826,147.0587,278.55,94,0,1.37,AU,1693769163
206,iqaluit,63.7506,-68.5145,277.0,100,100,9.26,CA,1693769163
207,umm kaddadah,13.6017,26.6876,306.27,34,50,2.48,SD,1693769118
208,balkanabat,39.5108,54.3671,301.11,29,0,2.45,TM,1693769163
209,saldanha,-33.0117,17.9442,285.06,80,11,2.99,ZA,1693769163
210,saint-pierre,-21.3393,55.4781,292.97,68,0,3.09,RE,1693769164
211,paamiut,61.994,-49.6678,277.14,74,98,5.68,GL,1693769164
212,vila franca do campo,37.7167,-25.4333,296.38,61,56,1.12,PT,1693769164
213,lensk,60.7253,114.9278,278.58,78,15,1.19,RU,1693769164
214,emerald,-23.5333,148.1667,288.9,86,18,3.21,AU,1693769164
215,russell,32.3502,-85.1999,305.68,43,40,3.6,US,1693769165
216,maceio,-9.6658,-35.7353,300.84,65,20,5.14,BR,1693769109
217,tucuman,-26.8241,-65.2226,287.15,88,100,2.57,AR,1693769165
218,avera,33.194,-82.5271,304.31,33,0,2.07,US,1693769165
219,abengourou,6.7297,-3.4964,295.41,99,99,1.67,CI,1693769165
220,touros,-5.1989,-35.4608,300.85,69,0,7.73,BR,1693769166
221,avarua,-21.2078,-159.775,296.18,64,84,2.57,CK,1693768966
222,tabas,33.5959,56.9244,303.55,11,0,2.46,IR,1693769166
223,san cristobal,7.7669,-72.225,303.25,45,91,4.18,VE,1693769166
224,mount gambier,-37.8333,140.7667,289.23,34,99,7.32,AU,1693769166
225,nemuro,43.3236,145.575,290.59,91,100,1.21,JP,1693769166
226,guerrero negro,27.9769,-114.0611,298.65,75,34,8.06,MX,1693769166
227,marsh harbour,26.5412,-77.0636,301.33,62,13,7.01,BS,1693769167
228,ambon,-3.6954,128.1814,299.19,95,40,3.09,ID,1693769167
229,lazaro cardenas,17.9583,-102.2,304.11,67,65,2.48,MX,1693769167
230,horki,54.2861,30.9842,286.52,70,8,1.73,BY,1693769167
231,kruisfontein,-34.0033,24.7314,284.23,74,15,3.18,ZA,1693769167
232,oksfjord,70.2396,22.3479,289.19,84,87,4.31,NO,1693769167
233,shatoy,42.8714,45.6886,292.57,88,100,2.49,RU,1693769169
234,broome,42.2506,-75.833,304.36,65,0,3.13,US,1693769169
235,longyearbyen,78.2186,15.6401,278.06,87,75,2.06,SJ,1693768890
236,salalah,17.0151,54.0924,301.2,89,75,3.6,OM,1693769169
237,snezhnogorsk,69.1933,33.2531,287.03,84,20,4.41,RU,1693769169
238,hirara,24.8,125.2833,299.3,94,75,6.69,JP,1693769169
239,guiratinga,-16.3494,-53.7583,308.04,29,100,4.88,BR,1693769170
240,kasama,-10.2129,31.1808,295.69,29,38,4.01,ZM,1693769170
241,ames,42.0347,-93.6199,308.12,32,0,6.69,US,1693769170
242,esmeraldas,-19.7625,-44.3139,302.63,40,95,2.79,BR,1693769170
243,kavieng,-2.5744,150.7967,300.42,77,100,4.18,PG,1693769170
244,saint-francois,46.4154,3.9054,297.84,50,0,1.54,FR,1693769170
245,ahipara,-35.1667,173.1667,286.94,95,82,3.1,NZ,1693769171
246,sioux lookout,50.1001,-91.917,299.19,47,75,2.57,CA,1693769171
247,huangyan,28.6478,121.2594,296.66,96,96,1.71,CN,1693769171
248,pochutla,15.7432,-96.4661,304.16,58,97,3.59,MX,1693769171
249,daru,-9.0763,143.2092,297.14,74,67,5.91,PG,1693769171
250,jinxiang,27.4327,120.6062,299.01,87,97,6.72,CN,1693769171
251,sabha,27.0377,14.4283,307.98,14,0,3.32,LY,1693769172
252,lasa,46.6166,10.7002,297.64,69,100,2.58,IT,1693769172
253,chokurdakh,70.6333,147.9167,273.77,88,100,3.37,RU,1693769172
254,sobolevo,54.4299,31.8996,285.94,77,5,2.22,RU,1693769172
255,hofn,64.2539,-15.2082,282.89,73,0,15.65,IS,1693769172
256,thinadhoo,0.5333,72.9333,300.94,67,100,1.59,MV,1693769172
257,cherskiy,68.75,161.3,274.46,89,100,3.38,RU,1693769173
258,leua,48.2156,18.6071,292.31,67,100,2.99,SK,1693769173
259,benjamin constant,-4.3831,-70.0311,308.22,58,75,2.06,BR,1693769173
260,jalu,29.0331,21.5482,302.87,25,0,3.7,LY,1693769173
261,san jose,37.3394,-121.895,297.46,61,75,4.47,US,1693768988
262,vila velha,-20.3297,-40.2925,299.12,81,20,7.2,BR,1693769174
263,yumen,40.2833,97.2,296.92,16,100,4.74,CN,1693769174
264,bhuj,23.2667,69.6667,299.79,72,79,5.67,IN,1693769174
265,lahad datu,5.0268,118.327,298.0,90,99,2.25,MY,1693769174
266,brownfield,33.1812,-102.2744,310.34,12,0,4.94,US,1693769174
267,masuguru,-11.3667,38.4167,299.28,49,43,3.85,TZ,1693769174
268,matagami,49.7502,-77.6328,303.21,39,0,7.2,CA,1693769133
269,ipixuna,-1.7625,-48.8043,307.85,37,97,3.27,BR,1693769175
270,pitimbu,-7.4706,-34.8086,298.48,73,22,6.99,BR,1693769175
271,champerico,14.3,-91.9167,307.45,64,20,2.38,GT,1693769175
272,isangel,-19.55,169.2667,295.21,88,75,0.0,VU,1693769175
273,port hedland,-20.3167,118.5667,290.18,94,84,3.6,AU,1693769176
274,kamaishi,39.2667,141.8833,297.47,91,100,0.27,JP,1693769176
275,umm lajj,25.0213,37.2685,305.74,49,10,3.4,SA,1693769176
276,batagay-alyta,67.8006,130.4114,275.38,72,100,2.44,RU,1693769176
277,hobyo,5.3505,48.5268,298.13,83,5,12.62,SO,1693769176
278,pointe-noire,-4.7761,11.8635,296.35,81,24,3.22,CG,1693769176
279,tibiri,13.5627,7.0485,305.75,42,40,2.09,NE,1693769176
280,indianola,41.3581,-93.5574,308.07,13,0,6.79,US,1693769177
281,portland,45.5234,-122.6762,294.42,75,100,3.09,US,1693768890
282,burns lake,54.2331,-125.7533,286.83,40,8,2.91,CA,1693769104
283,kota belud,6.351,116.4305,298.91,67,100,1.35,MY,1693768880
284,komsomolskiy,40.4272,71.7189,300.55,17,100,5.14,UZ,1693769178
285,wanaka,-44.7,169.15,277.79,96,98,0.54,NZ,1693769179
286,crisan,44.9667,29.4667,293.31,62,6,1.16,RO,1693769118
287,inta,66.0317,60.1659,284.27,79,23,3.69,RU,1693769180
288,mendoza,-32.8908,-68.8272,290.89,27,0,4.12,AR,1693769181
289,cancun,21.1743,-86.8466,306.11,62,40,1.54,MX,1693769036
290,alofi,-19.0595,-169.9187,294.09,94,85,1.54,NU,1693769182
291,dauphin,51.1494,-100.0502,298.23,50,0,1.54,CA,1693769182
292,flinders,-34.5833,150.8552,285.58,81,1,2.68,AU,1693769182
293,olga,43.7444,135.2892,289.59,80,100,1.75,RU,1693769182
294,saint anthony,45.0205,-93.218,308.18,35,0,3.6,US,1693769182
295,vaasa,63.096,21.6158,287.01,97,0,3.58,FI,1693769183
296,candolim,15.5181,73.7626,300.51,79,100,5.72,IN,1693769183
297,rio grande,-32.035,-52.0986,290.21,95,100,4.65,BR,1693769146
298,general pico,-35.6566,-63.7568,285.53,65,100,2.19,AR,1693769183
299,los llanos de aridane,28.6585,-17.9182,297.01,61,40,3.6,ES,1693769183
300,richards bay,-28.783,32.0377,296.45,55,10,6.88,ZA,1693769184
301,tamiahua,21.2667,-97.45,305.07,55,18,3.05,MX,1693769184
302,new lenox,41.512,-87.9656,307.63,43,0,7.72,US,1693769184
303,leningradskiy,69.3833,178.4167,274.18,85,87,7.73,RU,1693769184
304,plettenberg bay,-34.0527,23.3716,285.51,81,73,0.72,ZA,1693769184
305,ranong,9.9658,98.6348,299.13,89,100,7.56,TH,1693769184
306,lamesa,32.7376,-101.951,309.0,13,0,4.25,US,1693769185
307,filingue,14.3521,3.3168,304.8,49,19,5.38,NE,1693769185
308,ostrovnoy,68.0531,39.5131,288.13,78,4,5.47,RU,1693769185
309,kokopo,-4.352,152.2633,297.06,91,100,4.56,PG,1693769185
310,itarema,-2.9248,-39.9167,302.25,59,12,8.26,BR,1693769185
311,andreyevo,55.9465,41.1505,288.15,83,79,0.72,RU,1693769186
312,mitsamiouli,-11.3847,43.2844,298.23,73,0,1.81,KM,1693769186
313,teguldet,57.3064,88.1667,285.4,92,99,1.04,RU,1693769186
314,aquiraz,-3.9014,-38.3911,302.2,61,5,5.87,BR,1693769186
315,beirut,33.8889,35.4944,299.56,65,40,2.57,LB,1693768997
316,ancud,-41.8697,-73.8203,280.33,70,93,2.64,CL,1693769187
317,huarmey,-10.0681,-78.1522,295.44,71,6,4.13,PE,1693769187
318,chebsara,59.2002,38.8356,287.78,96,99,2.36,RU,1693769187
319,raha,26.2333,92.5167,299.97,90,28,1.0,IN,1693769187
320,kharabali,47.4196,47.2568,294.83,31,100,4.98,RU,1693769187
321,kousseri,12.0769,15.0306,299.13,89,20,1.03,CM,1693769187
322,qobustan,40.0824,49.412,298.13,54,0,2.51,AZ,1693769188
323,lufilufi,-13.8745,-171.5986,300.08,79,99,8.29,WS,1693769188
324,corrente,-3.7367,-43.3394,311.63,21,92,1.18,BR,1693769189
325,ekhabi,53.5102,142.9671,280.49,84,0,4.31,RU,1693769189
326,yaan,7.3833,8.5667,297.15,92,84,2.01,NG,1693769189
327,tiarei,-17.5333,-149.3333,298.16,88,100,8.31,PF,1693768995
328,meulaboh,4.1363,96.1285,297.09,93,100,1.94,ID,1693769190
329,lipari,38.4674,14.954,298.3,61,4,0.96,IT,1693769125
330,sangar,63.9242,127.4739,276.16,77,10,2.03,RU,1693769190
331,sayyan,15.1718,44.3244,294.32,31,0,1.2,YE,1693769190
332,japura,-0.3167,102.35,296.86,93,18,1.48,ID,1693769190
333,peniche,39.3558,-9.3811,292.2,92,64,2.2,PT,1693769191
334,klaksvik,62.2266,-6.589,285.66,82,0,10.09,FO,1693769191
335,puerto montt,-41.4698,-72.9447,279.61,75,40,3.09,CL,1693769151
336,takoradi,4.8845,-1.7554,297.7,88,76,4.18,GH,1693769191
337,tabou,4.423,-7.3528,298.46,83,100,5.18,CI,1693769191
338,severnyy-kospashskiy,59.0925,57.8008,284.6,65,100,1.22,RU,1693769191
339,bagdarin,54.4333,113.6,276.57,93,55,0.48,RU,1693769192
340,vammala,61.3333,22.9,286.54,97,11,1.75,FI,1693769192
341,kloulklubed,7.0419,134.2556,301.43,80,100,3.46,PW,1693769192
342,beboto,8.2668,16.939,294.93,97,100,2.65,TD,1693769173
343,dunedin,-45.8742,170.5036,282.48,92,53,2.68,NZ,1693769192
344,knin,44.0439,16.2,298.22,71,100,3.86,HR,1693769192
345,roma,43.2128,-75.4557,302.91,62,0,4.63,US,1693769192
346,hoopstad,-27.8327,25.9083,290.03,19,0,2.84,ZA,1693769193
347,radcliff,37.8404,-85.9491,305.78,50,40,3.6,US,1693769193
348,qui nhon,13.7667,109.2333,299.31,88,95,2.74,VN,1693769193
349,humaita,-7.5061,-63.0208,314.42,19,100,1.77,BR,1693769193
350,tomatlan,19.9333,-105.25,307.06,58,9,3.14,MX,1693769193
351,antofagasta,-23.65,-70.4,291.75,63,4,3.81,CL,1693769193
352,mana,5.6592,-53.7767,302.69,64,88,4.99,GF,1693769194
353,camana,-16.6228,-72.7111,292.06,79,4,5.02,PE,1693769194
354,alice springs,-23.7,133.8833,295.9,25,4,8.23,AU,1693769194
355,bowen,-20.0167,148.2333,294.15,71,5,4.09,AU,1693769194
356,oliveira dos brejinhos,-12.3169,-42.8961,308.27,16,0,3.1,BR,1693769194
357,uyuni,-20.4597,-66.825,284.91,15,0,9.8,BO,1693769194
358,redcar,54.6166,-1.06,291.53,62,100,4.11,GB,1693769195
359,aquidauana,-20.4711,-55.7872,312.08,24,100,4.83,BR,1693769195
360,grindavik,63.8424,-22.4338,282.12,66,75,9.77,IS,1693769195
361,camargo,27.6667,-105.1667,305.88,17,0,1.28,MX,1693769195
362,jonuta,18.0833,-92.1333,307.21,50,18,2.62,MX,1693769195
363,mackay,-21.15,149.2,289.08,79,4,2.19,AU,1693769195
364,mwinilunga,-11.7358,24.4293,294.89,29,8,2.27,ZM,1693769196
365,mpika,-11.8343,31.4529,291.12,39,0,2.03,ZM,1693769196
366,alepe,5.5004,-3.6631,299.08,89,90,2.64,CI,1693769196
367,boyolangu,-8.1181,111.8935,293.85,91,96,0.89,ID,1693769196
368,martaban,16.5314,97.6111,298.85,89,98,2.17,MM,1693769196
369,kirovskiy,45.0917,133.5136,288.82,94,4,1.64,RU,1693769196
370,nantucket,41.2835,-70.0995,299.87,82,0,5.66,US,1693768962
371,waipawa,-41.4122,175.5153,281.94,86,100,2.51,NZ,1693769198
372,laguna,38.421,-121.4238,298.79,51,20,4.63,US,1693769198
373,lixourion,38.2019,20.4314,300.19,29,0,5.14,GR,1693769198
374,wattegama,6.7989,81.4808,297.97,82,100,6.17,LK,1693769198
375,monaragala,6.8714,81.3487,297.27,88,100,4.81,LK,1693769198
376,chibombo,-14.6569,28.0706,294.51,27,0,3.19,ZM,1693769199
377,lorengau,-2.0226,147.2712,300.19,75,20,4.32,PG,1693769199
378,rocha,-34.4833,-54.3333,287.01,98,100,3.29,UY,1693769199
379,almeirim,-1.5233,-52.5817,309.32,25,40,2.42,BR,1693769199
380,yerbogachen,61.2767,108.0108,278.85,80,29,1.09,RU,1693769199
381,saint-louis,16.3333,-15.0,311.95,36,100,4.25,SN,1693769199
382,los algarrobos,8.5,-82.4333,303.38,71,75,3.6,PA,1693769200
383,ossora,59.2353,163.0719,285.06,95,100,3.84,RU,1693769200
384,pangody,65.85,74.4859,278.79,78,35,5.05,RU,1693769200
385,hokitika,-42.7167,170.9667,281.28,75,79,2.96,NZ,1693769200
386,fray bentos,-33.1325,-58.2956,285.22,98,100,6.85,UY,1693769200
387,acurenam,1.0322,10.6488,293.62,97,100,1.64,GQ,1693769200
388,dinard,48.6314,-2.0614,297.94,84,0,3.6,FR,1693769201
389,srednekolymsk,67.45,153.6833,274.58,76,78,0.21,RU,1693769201
390,qingdao,36.0986,120.3719,292.93,94,65,2.0,CN,1693769201
391,christchurch,-43.5333,172.6333,283.66,88,75,3.6,NZ,1693769098
392,the valley,18.217,-63.0578,306.07,74,20,5.66,AI,1693769201
393,bandar,2.05,99.75,296.78,97,100,1.04,ID,1693769202
394,crabtree,45.9668,-73.4659,302.62,67,9,3.6,CA,1693769202
395,dinghai,26.2847,119.7936,299.66,84,100,14.44,CN,1693769202
396,yar-sale,66.8333,70.8333,277.49,92,4,3.06,RU,1693769202
397,neubrandenburg,53.5667,13.2667,288.55,82,100,2.84,DE,1693769202
398,provideniya,64.3833,-173.3,278.86,81,55,4.04,RU,1693769202
399,monrovia,6.3005,-10.7969,299.02,96,100,4.65,LR,1693769203
400,krasnoye,49.9145,24.6134,287.24,79,100,2.68,UA,1693769203
401,kachiry,53.0675,76.1036,286.33,89,89,2.49,KZ,1693769204
402,amahai,-3.3333,128.9167,298.15,87,99,2.35,ID,1693769204
403,airai,-8.9266,125.4092,284.37,78,9,1.07,TL,1693769204
404,mumford,5.2618,-0.759,297.5,90,19,4.43,GH,1693769205
405,dicabisagan,17.0818,122.4157,300.41,85,100,1.33,PH,1693769205
406,bajina basta,43.9708,19.5675,291.58,70,100,2.46,RS,1693769205
407,celestun,20.8667,-90.4,304.7,62,27,6.09,MX,1693769205
408,ketchikan,55.3422,-131.6461,288.41,67,75,3.09,US,1693769205
409,anqing,30.5092,117.0506,295.14,84,10,2.77,CN,1693769205
410,disna,55.568,28.1971,289.76,52,100,0.1,BY,1693769206
411,presidencia roque saenz pena,-26.7852,-60.4388,289.2,86,100,4.99,AR,1693769206
412,bismarck,46.8083,-100.7837,304.06,35,0,5.14,US,1693769002
413,bara,10.3744,10.7288,300.51,61,78,3.2,NG,1693769206
414,mareeba,-17.0,145.4333,288.39,88,74,1.2,AU,1693769206
415,nanortalik,60.1432,-45.2371,277.36,75,25,7.19,GL,1693769206
416,evensk,61.95,159.2333,277.74,91,100,11.23,RU,1693769208
417,bethel,41.3712,-73.414,304.27,57,0,4.12,US,1693769003
418,great falls,47.5002,-111.3008,303.38,24,100,5.14,US,1693769139
419,chase,50.8165,-119.6857,296.57,41,100,1.94,CA,1693769208
420,knysna,-34.0363,23.0471,285.1,87,75,0.79,ZA,1693769208
421,zyryanovsk,49.7386,84.2719,287.06,54,100,1.3,KZ,1693769208
422,tsnori,41.6209,45.9694,297.18,72,100,1.64,GE,1693769209
423,san vicente,-26.6167,-54.1333,296.63,90,55,1.49,AR,1693769209
424,moissala,8.3404,17.7663,295.33,97,100,2.09,TD,1693769209
425,sterling,39.0062,-77.4286,310.15,38,40,7.2,US,1693768924
426,yigou,35.8114,114.3167,295.65,80,0,1.87,CN,1693769209
427,suntar,62.1444,117.6319,277.14,73,10,1.09,RU,1693769209
428,khandyga,62.6667,135.6,278.47,66,100,2.12,RU,1693769210
429,liwale,-9.7667,37.9333,295.21,62,0,2.89,TZ,1693769210
430,kharagauli,42.0214,43.1977,293.4,91,31,1.76,GE,1693769210
431,belmonte,-15.8631,-38.8828,297.98,68,97,3.12,BR,1693769210
432,sao joao da barra,-21.6403,-41.0511,299.2,80,67,9.29,BR,1693768941
433,marivan,35.5219,46.176,296.94,25,0,0.67,IR,1693769211
434,ust-nera,64.5667,143.2,276.13,78,100,2.57,RU,1693769211
435,korla,41.7597,86.1469,301.04,23,99,6.73,CN,1693769211
436,palaikastron,35.2,26.25,298.2,74,0,10.74,GR,1693769211
437,adelaide,-34.9333,138.6,288.8,74,100,3.6,AU,1693769173
438,ponta delgada,37.7333,-25.6667,296.55,68,20,2.57,PT,1693769211
439,salym,60.0625,71.4789,280.36,83,11,3.85,RU,1693769212
440,taraz,42.9,71.3667,290.38,55,100,4.0,KZ,1693769212
441,nador,35.174,-2.9287,297.19,94,40,1.54,MA,1693769212
442,warrnambool,-38.3833,142.4833,283.33,51,97,10.24,AU,1693769212
443,vurgun,41.0942,45.4716,296.05,73,71,1.6,AZ,1693769212
444,garden city,42.3256,-83.331,305.49,50,75,8.23,US,1693769038
445,terrasini,38.146,13.0844,298.27,66,0,4.63,IT,1693769213
446,aneho,6.2333,1.6,298.26,87,87,4.94,TG,1693769213
447,santa cruz,-17.8,-63.1667,301.85,74,75,10.29,BO,1693769188
448,anito,12.4497,125.2886,299.22,90,100,2.36,PH,1693768998
449,ola,59.5833,151.2833,274.9,72,9,4.04,RU,1693769213
450,zhigansk,66.7697,123.3711,278.41,85,100,2.39,RU,1693769213
451,soyo,-6.1349,12.3689,295.52,89,81,2.87,AO,1693769214
452,west bay,19.3667,-81.4167,304.19,81,20,5.14,KY,1693769214
453,port lincoln,-34.7333,135.8667,285.5,81,19,11.89,AU,1693769214
454,barcelos,41.5388,-8.6151,295.29,84,100,1.01,PT,1693769214
455,sedalia,38.7045,-93.2283,306.99,38,0,5.36,US,1693768946
456,gigmoto,13.7796,124.39,301.07,84,100,6.26,PH,1693769215
457,warah,27.4481,67.7978,304.12,52,0,4.74,PK,1693769215
458,kidal,18.4411,1.4078,307.99,33,98,5.29,ML,1693769215
459,dolinsk,47.35,142.8,286.89,92,100,3.39,RU,1693769104
460,peterborough,52.5736,-0.2478,295.88,60,66,2.06,GB,1693768528
461,san bernardo,-33.6,-70.7167,292.07,49,100,1.8,CL,1693769217
462,goma,-1.6792,29.2228,291.61,81,18,1.21,CD,1693769217
463,porto novo,6.4965,2.6036,298.05,88,85,2.85,BJ,1693769217
464,serro,-18.6047,-43.3794,302.3,41,67,3.05,BR,1693769217
465,hoi an,15.8794,108.335,299.13,78,42,2.1,VN,1693769217
466,shimoda,34.6667,138.95,297.65,92,100,7.77,JP,1693769217
467,udachnyy,66.4167,112.4,278.4,69,100,5.22,RU,1693769217
468,hellin,38.5106,-1.701,295.17,84,100,9.08,ES,1693769218
469,yuncheng,35.0231,110.9928,295.29,65,0,2.29,CN,1693769218
470,axim,4.8699,-2.2405,297.53,90,96,3.98,GH,1693769218
471,jorochito,-18.05,-63.4333,300.33,57,100,5.84,BO,1693769218
472,frutigen,46.5878,7.6475,298.14,85,100,1.24,CH,1693769218
473,ucluelet,48.9329,-125.5528,289.31,84,100,0.45,CA,1693769218
474,pedasi,7.5333,-80.0333,300.96,77,100,2.48,PA,1693769219
475,yei,4.095,30.6779,294.45,74,13,0.61,SS,1693769219
476,uvira,-3.4067,29.1458,299.2,67,32,1.23,CD,1693769219
477,pangnirtung,66.1451,-65.7125,278.15,75,100,10.29,CA,1693769219
478,kiunga,-6.1219,141.2906,294.93,94,100,1.34,PG,1693769219
479,alta floresta,-9.8756,-56.0861,309.05,38,40,3.09,BR,1693769219
480,amga,60.8953,131.9608,275.47,91,20,1.6,RU,1693769220
481,carballo,43.213,-8.691,297.46,83,100,1.83,ES,1693769220
482,isetskoye,56.4858,65.3226,285.96,82,100,5.29,RU,1693769220
483,ormara,25.2088,64.6357,299.37,84,0,5.09,PK,1693769220
484,camacupa,-12.0167,17.4833,295.39,13,94,1.79,AO,1693769220
485,beberibe,-4.1797,-38.1306,301.48,64,5,5.86,BR,1693769220
486,bacolod,10.6667,122.95,299.05,89,100,5.15,PH,1693769220
487,humberto de campos,-2.5983,-43.4611,303.9,55,26,5.43,BR,1693769221
488,beisfjord,68.3751,17.5988,287.62,99,100,0.97,NO,1693769221
489,gat,31.61,34.7642,299.71,68,0,2.08,IL,1693769221
490,uspenka,48.3903,39.1619,296.19,42,73,2.64,UA,1693769221
491,hambantota,6.1241,81.1185,298.75,87,100,8.18,LK,1693769221
492,paso de los toros,-32.8167,-56.5167,287.52,97,100,5.6,UY,1693769221
493,poum,-20.2333,164.0167,294.12,83,100,2.66,NC,1693769222
494,lompoc,34.6391,-120.4579,298.71,74,100,3.58,US,1693769222
495,pisco,-13.7,-76.2167,295.18,64,0,5.66,PE,1693769079
496,yining,29.0361,114.5636,293.61,88,72,1.16,CN,1693769222
497,syracuse,37.0881,15.2792,299.92,65,6,1.8,IT,1693769222
498,tahoua,14.8888,5.2692,305.34,45,7,3.9,NE,1693769223
499,mattru,7.6244,-11.8332,296.56,95,100,2.42,SL,1693769223
500,brae,60.3964,-1.353,286.69,92,100,5.8,GB,1693769223
501,vallenar,-28.5708,-70.7581,294.72,29,30,5.46,CL,1693769223
502,indiana,40.0003,-86.2503,305.35,56,40,5.14,US,1693769223
503,ofunato,39.0717,141.7167,297.76,91,100,1.02,JP,1693769224
504,baruun-urt,46.6806,113.2792,285.61,95,13,3.42,MN,1693769224
505,moose factory,51.2585,-80.6094,303.15,48,75,6.17,CA,1693769224
506,vestmannaeyjar,63.4427,-20.2734,282.36,68,100,13.4,IS,1693769224
507,samfya,-11.3649,29.5565,296.81,29,3,4.79,ZM,1693769225
508,kurilsk,45.2333,147.8833,290.37,81,100,0.46,RU,1693769226
509,miri,4.4148,114.0089,298.23,100,20,1.03,MY,1693769010
510,ambilobe,-13.2,49.05,294.32,69,45,2.13,MG,1693769228
511,zhigalovo,54.8097,105.1578,280.17,65,81,0.62,RU,1693769228
512,tazovskiy,67.4667,78.7,277.07,82,36,4.94,RU,1693769228
513,dzilam gonzalez,21.2833,-88.9333,306.5,53,97,5.17,MX,1693769229
514,lamar,33.6668,-95.5836,312.58,41,40,4.63,US,1693769229
515,chicama,-7.8447,-79.1469,294.45,62,24,5.21,PE,1693769229
516,pevek,69.7008,170.3133,273.86,99,100,4.97,RU,1693769229
517,trzcianka,53.0406,16.4563,288.94,72,100,3.23,PL,1693769229
518,imeni poliny osipenko,52.4201,136.4853,278.11,78,6,0.79,RU,1693769229
519,aykhal,66.0,111.5,278.22,81,100,3.49,RU,1693769230
520,qarayeri,40.7886,46.3066,299.64,50,40,8.23,AZ,1693769230
521,necochea,-38.5473,-58.7368,282.92,62,100,5.32,AR,1693768978
522,huadian,42.9633,126.7478,288.42,88,30,1.07,CN,1693769230
523,henties bay,-22.116,14.2845,285.84,79,0,4.43,NA,1693769230
524,kuusamo,65.9667,29.1833,287.17,88,20,4.63,FI,1693769231
525,derzhavinsk,51.1,66.3167,285.8,86,90,7.44,KZ,1693769231
526,saravan,39.7196,45.6483,290.93,66,7,3.5,AM,1693769231
527,puerto escondido,15.85,-97.0667,297.61,69,75,2.57,MX,1693769231
528,wana,32.2989,69.5725,299.88,38,0,1.16,PK,1693769231
529,svetlyy,54.675,20.1347,289.24,76,100,3.52,RU,1693769232
530,sandviken,60.6167,16.7667,285.68,91,68,2.25,SE,1693769232
531,debre tabor,11.85,38.0167,285.42,79,44,2.34,ET,1693769232
532,chiredzi,-21.05,31.6667,295.17,35,2,2.92,ZW,1693769232
533,tolaga bay,-38.3667,178.3,283.79,85,99,1.28,NZ,1693769232
534,edd,13.9297,41.6925,306.14,66,36,2.14,ER,1693769233
535,zubova polyana,54.0771,42.8372,289.49,56,96,2.07,RU,1693769233
536,bulungu,-4.55,18.6,299.6,58,62,2.99,CD,1693769233
537,kyaikkami,16.08,97.5675,299.99,84,100,3.71,MM,1693769233
538,port augusta,-32.5,137.7667,286.15,77,85,3.62,AU,1693769233
539,hope,33.6671,-93.5916,308.14,37,95,1.91,US,1693769085
540,arlit,18.7369,7.3853,310.31,26,96,1.54,NE,1693769233
541,leh,34.1667,77.5833,288.14,32,48,2.28,IN,1693769234
542,general roca,-39.0333,-67.5833,286.55,20,0,4.38,AR,1693769234
543,toora-khem,52.4675,96.11,280.96,92,20,0.78,RU,1693769234
544,tual,-5.6667,132.75,297.96,80,99,7.61,ID,1693769234
545,roald,62.5833,6.1333,289.44,94,75,11.32,NO,1693769235
546,urengoy,65.9667,78.3667,278.77,64,61,3.13,RU,1693769235
547,husavik,66.0449,-17.3389,283.56,56,100,5.33,IS,1693769235
548,adrar,20.5022,-10.0711,309.47,18,0,3.55,MR,1693769235
549,vega de alatorre,20.0333,-96.6333,304.17,60,96,3.79,MX,1693769236
550,quesnel,52.9999,-122.5029,287.43,82,100,0.0,CA,1693769236
551,kamina,-8.7386,24.9906,296.77,43,3,1.38,CD,1693769237
552,northam,51.0333,-4.2167,294.4,84,89,3.13,GB,1693769237
553,prado,-17.3411,-39.2208,297.53,64,100,3.27,BR,1693769208
554,mananjary,-21.2167,48.3333,293.63,85,0,0.93,MG,1693769237
555,rosetown,51.5501,-108.0014,300.14,22,100,7.2,CA,1693769238
556,zhenlai,45.8495,123.2973,286.44,91,100,5.02,CN,1693769238
557,tuy hoa,13.0833,109.3,299.34,84,100,2.76,VN,1693769238
558,iquitos,-3.7481,-73.2472,306.17,55,40,3.09,PE,1693769238
559,ihosy,-22.4,46.1167,290.09,88,58,4.27,MG,1693769238
560,ngama,11.7833,17.1667,297.14,89,100,1.87,TD,1693769238
561,santiago de cao,-7.9589,-79.2392,295.22,83,100,3.6,PE,1693769239
562,zalantun,48.0,122.7167,281.68,83,81,2.68,CN,1693769239
563,kahului,20.8947,-156.47,301.16,66,20,9.77,US,1693768952
